FID_GarageBuffers,OID_,CIT_CODE,FAC_CODE,LotName,AggieMap,Name,LotType,ORIG_FID,X,Y,BUFF_DIST,FID_Structures,Number,Abbrev,Private,Type,Bldg,BldgAbbr,BldgName,YearBuilt,NumFloors,Address,City,Zip,MapDisplay,Shape_Length,Shape_Area
1,-1,20200,SSG,Southside Garage,1,SSG,Garage,1,-96.333619999999996,30.613730000000000,250.000000000000000,108,0406,LEON,No,HOUSING TAMU,0406,LEON,Leonard Hall - Dorm 7,1938,04,695 Military Mall,College Station,77843,Leonard Hall - Dorm 7 | LEON | 0406,137.768581683803859,666.635627044541252
1,-1,20200,SSG,Southside Garage,1,SSG,Garage,1,-96.333619999999996,30.613730000000000,250.000000000000000,135,0394,UNDE,No,HOUSING TAMU,0394,UNDE,Underwood Residence Hall,1981,04,644 Mosher Ln,College Station,77843,Underwood Residence Hall | UNDE | 0394,267.028825331025701,1736.748921979671195
1,-1,20200,SSG,Southside Garage,1,SSG,Garage,1,-96.333619999999996,30.613730000000000,250.000000000000000,141,0404,GAIN,No,HOUSING TAMU,0404,GAIN,Gainer Hall - Dorm 5,1938,05,665 Military Mall,College Station,77843,Gainer Hall - Dorm 5 | GAIN | 0404,153.720966532119292,814.883334450304687
1,-1,20200,SSG,Southside Garage,1,SSG,Garage,1,-96.333619999999996,30.613730000000000,250.000000000000000,156, ,,No,UNIVERSITY,,,,,,,,, |  | ,26.326796029663306,36.038078966827584
1,-1,20200,SSG,Southside Garage,1,SSG,Garage,1,-96.333619999999996,30.613730000000000,250.000000000000000,157, ,,No,UNIVERSITY,,,,,,,,, |  | ,43.152372507712570,106.546471645377139
1,-1,20200,SSG,Southside Garage,1,SSG,Garage,1,-96.333619999999996,30.613730000000000,250.000000000000000,316,0378,SSPG,No,GARAGE,0378,SSPG,South Side Parking Garage,1990,04,750 Bizzell St,College Station,77843,South Side Parking Garage | SSPG | 0378,553.269233016415569,14543.691412792895790
1,-1,20200,SSG,Southside Garage,1,SSG,Garage,1,-96.333619999999996,30.613730000000000,250.000000000000000,323, ,,No,UNIVERSITY,,,,,,,,, |  | ,26.657592586517040,37.546402861319265
1,-1,20200,SSG,Southside Garage,1,SSG,Garage,1,-96.333619999999996,30.613730000000000,250.000000000000000,391,0448,ADAM,No,ACADEMIC,0448,ADAM,Adams Band Hall,1970,03,611 Lewis St,College Station,77843,Adams Band Hall | ADAM | 0448,199.909648315140856,2016.182274167475271
1,-1,20200,SSG,Southside Garage,1,SSG,Garage,1,-96.333619999999996,30.613730000000000,250.000000000000000,766,0440,COMM,No,DINING,0440,COMM,Commons,1972,02,676 Lubbock St,College Station,77843,Commons | COMM | 0440,90.890936578988402,294.848287163672751
1,-1,20200,SSG,Southside Garage,1,SSG,Garage,1,-96.333619999999996,30.613730000000000,250.000000000000000,785,0433,MOSH,No,HOUSING TAMU,0433,MOSH,Mosher Residence Hall,1976,05,725 Mosher Ln,College Station,77843,Mosher Residence Hall | MOSH | 0433,272.663547730574805,1698.016774244604903
1,-1,20200,SSG,Southside Garage,1,SSG,Garage,1,-96.333619999999996,30.613730000000000,250.000000000000000,800,0447,ASTO,No,HOUSING TAMU,0447,ASTO,Aston Residence Hall,1976,04,655 Mosher Ln,College Station,77843,Aston Residence Hall | ASTO | 0447,57.612533336464701,107.129707012275958
1,-1,20200,SSG,Southside Garage,1,SSG,Garage,1,-96.333619999999996,30.613730000000000,250.000000000000000,803,0291,RUDD,No,HOUSING TAMU,0291,RUDD,Rudder Residence Hall,1989,04,770 Mosher Ln,College Station,77843,Rudder Residence Hall | RUDD | 0291,224.495554419911457,1513.751613030865883
1,-1,20200,SSG,Southside Garage,1,SSG,Garage,1,-96.333619999999996,30.613730000000000,250.000000000000000,809,0290,WELL,No,HOUSING TAMU,0290,WELL,Wells Residence Hall,1989,04,700 Mosher Ln,College Station,77843,Wells Residence Hall | WELL | 0290,225.198744381093604,1525.245640559282037
1,-1,20200,SSG,Southside Garage,1,SSG,Garage,1,-96.333619999999996,30.613730000000000,250.000000000000000,824,0654,,No,UNIVERSITY,0654,,Generator Shed,1994,01,835 Bizzell St,College Station,77843,Generator Shed |  | 0654,17.751107943914402,19.180765507807699
1,-1,20200,SSG,Southside Garage,1,SSG,Garage,1,-96.333619999999996,30.613730000000000,250.000000000000000,829,0292,EPPR,No,HOUSING TAMU,0292,EPPR,Eppright Residence Hall,1989,04,695 Spence St,College Station,77843,Eppright Residence Hall | EPPR | 0292,224.739731568358167,1519.106543999993846
1,-1,20200,SSG,Southside Garage,1,SSG,Garage,1,-96.333619999999996,30.613730000000000,250.000000000000000,832,0293,APPE,No,HOUSING TAMU,0293,APPE,Appelt Residence Hall,1989,04,660 Mosher Ln,College Station,77843,Appelt Residence Hall | APPE | 0293,257.367704593900385,1882.573727376000306
1,-1,20200,SSG,Southside Garage,1,SSG,Garage,1,-96.333619999999996,30.613730000000000,250.000000000000000,841,0450,DCAN,No,DINING,0450,DCAN,Duncan Dining Hall,1940,03,777 Military Mall,College Station,77843,Duncan Dining Hall | DCAN | 0450,288.824549018251162,2852.567738791151896
1,-1,20200,SSG,Southside Garage,1,SSG,Garage,1,-96.333619999999996,30.613730000000000,250.000000000000000,842,0393,LIND,No,ACADEMIC,0393,LIND,John H. Lindsey Building,1983,01,646 Lewis St,College Station,77843,John H. Lindsey Building | LIND | 0393,237.522676323788232,2348.508097694446406
1,-1,20200,SSG,Southside Garage,1,SSG,Garage,1,-96.333619999999996,30.613730000000000,250.000000000000000,1113,1403,ASH,No,HOUSING TAMU,1403,ASH1,"H. Grady Ash, Jr. '58 Leadership Learning Center",2014,04,693 Military Mall,College Station,77843,"H. Grady Ash, Jr. '58 Leadership Learning Center | ASH | 1403",90.309261442534009,340.665142451517852
1,-1,20200,SSG,Southside Garage,1,SSG,Garage,1,-96.333619999999996,30.613730000000000,250.000000000000000,1121,1440,,No,UNIVERSITY,1440,,Golf Cart Storage Building,2013,01,837 Bizzell St,College Station,77843,Golf Cart Storage Building |  | 1440,132.189766937283025,535.714457222725741
1,-1,20200,SSG,Southside Garage,1,SSG,Garage,1,-96.333619999999996,30.613730000000000,250.000000000000000,1312,0408,WHTE,No,HOUSING TAMU,0408,WHTE,Whitely Hall - Dorm 9,1938,05,735 Military Mall,College Station,77843,Whitely Hall - Dorm 9 | WHTE | 0408,194.235625459715607,976.732946161029872
1,-1,20200,SSG,Southside Garage,1,SSG,Garage,1,-96.333619999999996,30.613730000000000,250.000000000000000,1313,0410,HARR,No,HOUSING TAMU,0410,HARR,Harrington Hall - Dorm 11,1938,05,767 Military Mall,College Station,77843,Harrington Hall - Dorm 11 | HARR | 0410,195.779993257729927,976.469022622100624
2,-1,20400,CCG,Central Campus Garage,1,CCG,Garage Visitor,2,-96.337770000000006,30.616499999999998,250.000000000000000,105,0468,LIBR,No,LIBRARY,0468,LIBR,Evans Library,1929,07,400 Spence St,College Station,77843,Evans Library | LIBR | 0468,827.207332586349708,12497.067417096524878
2,-1,20400,CCG,Central Campus Garage,1,CCG,Garage Visitor,2,-96.337770000000006,30.616499999999998,250.000000000000000,106,0400,SPEN,No,HOUSING TAMU,0400,SPEN,Spence Hall - Dorm 1,1938,04,605 Military Mall,College Station,77843,Spence Hall - Dorm 1 | SPEN | 0400,94.031922356824310,379.119924515759806
2,-1,20400,CCG,Central Campus Garage,1,CCG,Garage Visitor,2,-96.337770000000006,30.616499999999998,250.000000000000000,212,0357,,No,UNIVERSITY,0357,,Vending Machine Booth,1999,01,408 Spence St,College Station,77843,Vending Machine Booth |  | 0357,31.084954464558805,54.451907776893499
2,-1,20400,CCG,Central Campus Garage,1,CCG,Garage Visitor,2,-96.337770000000006,30.616499999999998,250.000000000000000,299,0441,KRUE,No,HOUSING TAMU,0441,KRUE,Krueger Residence Hall,1972,04,722 Lubbock St,College Station,77843,Krueger Residence Hall | KRUE | 0441,403.555404742807298,2490.951767105725594
2,-1,20400,CCG,Central Campus Garage,1,CCG,Garage Visitor,2,-96.337770000000006,30.616499999999998,250.000000000000000,428,0469,CCPG,No,GARAGE,0469,CCPG,Central Campus Parking Garage,1999,08,450 Spence St,College Station,77843,Central Campus Parking Garage | CCPG | 0469,225.223941799298444,2792.717644242938604
2,-1,20400,CCG,Central Campus Garage,1,CCG,Garage Visitor,2,-96.337770000000006,30.616499999999998,250.000000000000000,654,0398,ARCA,No,ACADEMIC,0398,ARCA,Langford Architecture Center Building A,1977,05,798 Ross St,College Station,77843,Langford Architecture Center Building A | ARCA | 0398,168.534699172899082,1236.578302379151182
2,-1,20400,CCG,Central Campus Garage,1,CCG,Garage Visitor,2,-96.337770000000006,30.616499999999998,250.000000000000000,655,0473,ADMN,No,ACADEMIC,0473,ADMN,Jack K. Williams Administration Building,1932,04,400 Bizzell St,College Station,77843,Jack K. Williams Administration Building | ADMN | 0473,15.663928829976356,7.585846510185414
2,-1,20400,CCG,Central Campus Garage,1,CCG,Garage Visitor,2,-96.337770000000006,30.616499999999998,250.000000000000000,663,0478,SCTS,No,ACADEMIC,0478,SCTS,Scoates Hall,1932,03,333 Spence St,College Station,77843,Scoates Hall | SCTS | 0478,239.175455365266686,1701.238916989977270
2,-1,20400,CCG,Central Campus Garage,1,CCG,Garage Visitor,2,-96.337770000000006,30.616499999999998,250.000000000000000,666,0484,CHEM,No,ACADEMIC,0484,CHEM,Chemistry,1929,07,580 Ross St,College Station,77843,Chemistry | CHEM | 0484,290.371061367362074,1147.853227643096034
2,-1,20400,CCG,Central Campus Garage,1,CCG,Garage Visitor,2,-96.337770000000006,30.616499999999998,250.000000000000000,673,0443,OMB,No,ACADEMIC,0443,OMB,Eller Oceanography & Meteorology Building,1973,16,797 Lamar St,College Station,77843,Eller Oceanography & Meteorology Building | OMB | 0443,160.554421180340739,1490.377284635236038
2,-1,20400,CCG,Central Campus Garage,1,CCG,Garage Visitor,2,-96.337770000000006,30.616499999999998,250.000000000000000,675,0477,ANTH,No,ACADEMIC,0477,ANTH,Anthropology Building,1952,03,340 Spence St,College Station,77843,Anthropology Building | ANTH | 0477,221.671614649676343,1622.662522669791315
2,-1,20400,CCG,Central Campus Garage,1,CCG,Garage Visitor,2,-96.337770000000006,30.616499999999998,250.000000000000000,679,0445,TEAG,No,ACADEMIC,0445,TEAG,Teague Research Center,1966,05,735 Lamar St,College Station,77843,Teague Research Center | TEAG | 0445,134.544885631449404,923.169164056589693
2,-1,20400,CCG,Central Campus Garage,1,CCG,Garage Visitor,2,-96.337770000000006,30.616499999999998,250.000000000000000,680,0517,CSA,No,ACADEMIC,0517,CSA,Computing Services Annex,1966,05,733 Lamar St,College Station,77843,Computing Services Annex | CSA | 0517,183.124378602354227,907.290258809844204
2,-1,20400,CCG,Central Campus Garage,1,CCG,Garage Visitor,2,-96.337770000000006,30.616499999999998,250.000000000000000,681,0470,GLAS,No,ACADEMIC,0470,GLAS,Melbern G. Glasscock Building,1921,04,398 Spence St,College Station,77843,Melbern G. Glasscock Building | GLAS | 0470,137.136724273129403,924.017867031880087
2,-1,20400,CCG,Central Campus Garage,1,CCG,Garage Visitor,2,-96.337770000000006,30.616499999999998,250.000000000000000,682,0476,FRAN,No,ACADEMIC,0476,FRAN,Francis Hall,1922,03,574 Ross St,College Station,77843,Francis Hall | FRAN | 0476,220.723261048312395,1226.346652322079080
2,-1,20400,CCG,Central Campus Garage,1,CCG,Garage Visitor,2,-96.337770000000006,30.616499999999998,250.000000000000000,683,0472,AIEN,No,ACADEMIC,0472,AIEN,AI Engineering Building,1932,06,423 Spence St,College Station,77843,AI Engineering Building | AIEN | 0472,259.348537184743464,1623.047236011247378
2,-1,20400,CCG,Central Campus Garage,1,CCG,Garage Visitor,2,-96.337770000000006,30.616499999999998,250.000000000000000,688,0516,CSC,No,ACADEMIC,0516,CSC,Computing Services Center,1959,03,731 Lamar St,College Station,77843,Computing Services Center | CSC | 0516,196.088239970534744,2097.825091022943525
2,-1,20400,CCG,Central Campus Garage,1,CCG,Garage Visitor,2,-96.337770000000006,30.616499999999998,250.000000000000000,694,0471,PAV,No,ACADEMIC,0471,PAV,Pavilion,1916,02,424 Spence St,College Station,77843,Pavilion | PAV | 0471,184.005770012222740,1881.498376552994614
2,-1,20400,CCG,Central Campus Garage,1,CCG,Garage Visitor,2,-96.337770000000006,30.616499999999998,250.000000000000000,746,0438,HECC,No,ACADEMIC,0438,HECC,Harrington Education Center Classroom Building,1974,03,544 Ross St,College Station,77843,Harrington Education Center Classroom Building | HECC | 0438,112.115576306548235,569.670611136039611
2,-1,20400,CCG,Central Campus Garage,1,CCG,Garage Visitor,2,-96.337770000000006,30.616499999999998,250.000000000000000,751,0457,TAES,No,ACADEMIC,0457,TAES,TAES Annex Building,1933,02,730 Lamar St,College Station,77843,TAES Annex Building | TAES | 0457,165.121665985379110,1000.212167366724088
2,-1,20400,CCG,Central Campus Garage,1,CCG,Garage Visitor,2,-96.337770000000006,30.616499999999998,250.000000000000000,758,0511,HLB,No,ACADEMIC,0511,HLB,HEEP Laboratory Building,1957,05,645 Lamar St,College Station,77843,HEEP Laboratory Building | HLB | 0511,177.169433411507555,1303.347759855226514
2,-1,20400,CCG,Central Campus Garage,1,CCG,Garage Visitor,2,-96.337770000000006,30.616499999999998,250.000000000000000,766,0440,COMM,No,DINING,0440,COMM,Commons,1972,02,676 Lubbock St,College Station,77843,Commons | COMM | 0440,279.418982068566095,4078.673753138284155
2,-1,20400,CCG,Central Campus Garage,1,CCG,Garage Visitor,2,-96.337770000000006,30.616499999999998,250.000000000000000,772,0444,PETR,No,ACADEMIC,0444,PETR,Peterson Building,1963,05,435 Nagle St,College Station,77843,Peterson Building | PETR | 0444,231.857884274675740,1741.796376654744563
2,-1,20400,CCG,Central Campus Garage,1,CCG,Garage Visitor,2,-96.337770000000006,30.616499999999998,250.000000000000000,775,0467,BSBE,No,ACADEMIC,0467,BSBE,Biological Sciences Bldg East,1950,03,424 Nagle St,College Station,77843,Biological Sciences Bldg East | BSBE | 0467,215.772820562622456,1896.558349525025505
2,-1,20400,CCG,Central Campus Garage,1,CCG,Garage Visitor,2,-96.337770000000006,30.616499999999998,250.000000000000000,776,0449,BSBW,No,ACADEMIC,0449,BSBW,Biological Sciences Bldg West,1967,05,424 Nagle St,College Station,77843,Biological Sciences Bldg West | BSBW | 0449,178.560819008470190,1776.888565979138775
2,-1,20400,CCG,Central Campus Garage,1,CCG,Garage Visitor,2,-96.337770000000006,30.616499999999998,250.000000000000000,785,0433,MOSH,No,HOUSING TAMU,0433,MOSH,Mosher Residence Hall,1976,05,725 Mosher Ln,College Station,77843,Mosher Residence Hall | MOSH | 0433,93.161149977187506,291.685795425357469
2,-1,20400,CCG,Central Campus Garage,1,CCG,Garage Visitor,2,-96.337770000000006,30.616499999999998,250.000000000000000,789,0442,DUNN,No,HOUSING TAMU,0442,DUNN,Dunn Residence Hall,1972,04,636 Lubbock St,College Station,77843,Dunn Residence Hall | DUNN | 0442,421.064979692510747,2656.289924127243012
2,-1,20400,CCG,Central Campus Garage,1,CCG,Garage Visitor,2,-96.337770000000006,30.616499999999998,250.000000000000000,795,0464,STCH,No,ACADEMIC,0464,STCH,State Chemist Building,1909,03,533 Coke St,College Station,77843,State Chemist Building | STCH | 0464,115.418157630974974,683.513185220970968
2,-1,20400,CCG,Central Campus Garage,1,CCG,Garage Visitor,2,-96.337770000000006,30.616499999999998,250.000000000000000,800,0447,ASTO,No,HOUSING TAMU,0447,ASTO,Aston Residence Hall,1976,04,655 Mosher Ln,College Station,77843,Aston Residence Hall | ASTO | 0447,245.795803222259678,1498.286237123873207
2,-1,20400,CCG,Central Campus Garage,1,CCG,Garage Visitor,2,-96.337770000000006,30.616499999999998,250.000000000000000,807,0521,HELD,No,ACADEMIC,0521,HELD,Heldenfels Hall,1977,05,466 Nagle St,College Station,77843,Heldenfels Hall | HELD | 0521,278.922682314267774,2712.710466786656525
2,-1,20400,CCG,Central Campus Garage,1,CCG,Garage Visitor,2,-96.337770000000006,30.616499999999998,250.000000000000000,812,0465,BTLR,No,ACADEMIC,0465,BTLR,Butler Hall,1916,04,525 Lubbock St,College Station,77843,Butler Hall | BTLR | 0465,122.664271057666355,807.707159914283693
2,-1,20400,CCG,Central Campus Garage,1,CCG,Garage Visitor,2,-96.337770000000006,30.616499999999998,250.000000000000000,952,0356,,No,UNIVERSITY,0356,,Parking Booth At PA35,1997,01,704 Lamar St,College Station,77843,Parking Booth At PA35 |  | 0356,18.692476291035810,19.428307991555155
2,-1,20400,CCG,Central Campus Garage,1,CCG,Garage Visitor,2,-96.337770000000006,30.616499999999998,250.000000000000000,1024,0275,LAAH,No,ACADEMIC,0275,LAAH,Liberal Arts and Arts & Humanities Building,2012,05,399 Spence St,College Station,77843,Liberal Arts and Arts & Humanities Building | LAAH | 0275,282.795870186969580,2322.429456121611111
2,-1,20400,CCG,Central Campus Garage,1,CCG,Garage Visitor,2,-96.337770000000006,30.616499999999998,250.000000000000000,1153,0458,EABC,No,ACADEMIC,0458,EABC,Engineering Activities Bldg C,1954,01,588 Lamar St,College Station,77843,Engineering Activities Bldg C | EABC | 0458,253.184836640487788,1067.469614565525944
2,-1,20400,CCG,Central Campus Garage,1,CCG,Garage Visitor,2,-96.337770000000006,30.616499999999998,250.000000000000000,1154,0459,EABB,No,ACADEMIC,0459,EABB,Engineering Activities Bldg B,1949,01,620 Lamar St,College Station,77843,Engineering Activities Bldg B | EABB | 0459,177.583635913374110,710.746859951109059
2,-1,20400,CCG,Central Campus Garage,1,CCG,Garage Visitor,2,-96.337770000000006,30.616499999999998,250.000000000000000,1155,0460,EABA,No,ACADEMIC,0460,EABA,Engineering Activities Bldg A,1954,01,646 Lamar St,College Station,77843,Engineering Activities Bldg A | EABA | 0460,266.774918766416306,1122.180721467789226
2,-1,20400,CCG,Central Campus Garage,1,CCG,Garage Visitor,2,-96.337770000000006,30.616499999999998,250.000000000000000,1316,,,No,UNIVERSITY,,,,,,,,, |  | ,34.827179585731585,68.316977228508975
2,-1,20400,CCG,Central Campus Garage,1,CCG,Garage Visitor,2,-96.337770000000006,30.616499999999998,250.000000000000000,1317,,,No,UNIVERSITY,,,,,,,,, |  | ,32.481584880459771,47.769560923723141
2,-1,20400,CCG,Central Campus Garage,1,CCG,Garage Visitor,2,-96.337770000000006,30.616499999999998,250.000000000000000,1318,,,No,UNIVERSITY,,,,,,,,, |  | ,34.161859704399198,65.050235370612228
2,-1,20400,CCG,Central Campus Garage,1,CCG,Garage Visitor,2,-96.337770000000006,30.616499999999998,250.000000000000000,1319,,,No,UNIVERSITY,,,,,,,,, |  | ,16.696575220976701,17.414829634150617
2,-1,20400,CCG,Central Campus Garage,1,CCG,Garage Visitor,2,-96.337770000000006,30.616499999999998,250.000000000000000,1363,,,No,OTHER,,,,,,,,, |  | ,43.533257626186838,88.703538513593415
3,-1,20100,NSG,Northside Garage,1,NSG,Garage Visitor,3,-96.343410000000006,30.619240000000001,250.000000000000000,179,0117,POST,Yes,FEDERAL,0117,,North Gate Post Office Building,,01,,College Station,77843,North Gate Post Office Building | POST | 0117,148.019619816343692,1095.126692147984386
3,-1,20100,NSG,Northside Garage,1,NSG,Garage Visitor,3,-96.343410000000006,30.619240000000001,250.000000000000000,284,0495,SBSA,No,DINING,0495,SBSA,Sbisa Dining Hall,1912,02,233 Houston St,College Station,77843,Sbisa Dining Hall | SBSA | 0495,303.993107978990224,4300.387546062214824
3,-1,20100,NSG,Northside Garage,1,NSG,Garage Visitor,3,-96.343410000000006,30.619240000000001,250.000000000000000,285,0420,MILN,No,ACADEMIC,0420,MILN,Milner Hall,1911,04,425 Ross St,College Station,77843,Milner Hall | MILN | 0420,24.119880270686810,21.550644358971340
3,-1,20100,NSG,Northside Garage,1,NSG,Garage Visitor,3,-96.343410000000006,30.619240000000001,250.000000000000000,365, ,,No,UNIVERSITY,,,,,,,,, |  | ,13.863381110134927,11.840986502698273
3,-1,20100,NSG,Northside Garage,1,NSG,Garage Visitor,3,-96.343410000000006,30.619240000000001,250.000000000000000,629,0717,,No,ACADEMIC,0717,,Storage and Lab-Cyclotron,1971,01,176 Spence St,College Station,77843,Storage and Lab-Cyclotron |  | 0717,38.900144591558380,92.894024364343323
3,-1,20100,NSG,Northside Garage,1,NSG,Garage Visitor,3,-96.343410000000006,30.619240000000001,250.000000000000000,630,0434,CYCL,No,ACADEMIC,0434,CYCL,Luedecke Building (Cyclotron),1966,04,120 Spence St,College Station,77843,Luedecke Building (Cyclotron) | CYCL | 0434,234.954087773065424,2714.761946887654631
3,-1,20100,NSG,Northside Garage,1,NSG,Garage Visitor,3,-96.343410000000006,30.619240000000001,250.000000000000000,637,0391,ENPH,No,ACADEMIC,0391,ENPH,James J. Cain '51 Building,1986,05,180 Spence St,College Station,77843,James J. Cain '51 Building | ENPH | 0391,186.917719099413205,1545.102807680487558
3,-1,20100,NSG,Northside Garage,1,NSG,Garage Visitor,3,-96.343410000000006,30.619240000000001,250.000000000000000,638,0547,,No,UNIVERSITY,0547,,Break Room at Central Utility Plant,1980,01,193 Asbury St,College Station,77843,Break Room at Central Utility Plant |  | 0547,36.554605219506108,75.483814384469710
3,-1,20100,NSG,Northside Garage,1,NSG,Garage Visitor,3,-96.343410000000006,30.619240000000001,250.000000000000000,643,0524,BLOC,No,ACADEMIC,0524,BLOC,Blocker Building,1981,06,155 Ireland St,College Station,77843,Blocker Building | BLOC | 0524,318.466963894845151,4980.971831259501414
3,-1,20100,NSG,Northside Garage,1,NSG,Garage Visitor,3,-96.343410000000006,30.619240000000001,250.000000000000000,651,0388,NSPG,No,GARAGE,0388,NSPG,Northside Parking Garage,1989,05,104 Ireland St,College Station,77843,Northside Parking Garage | NSPG | 0388,419.517477022954438,10097.479709268145598
3,-1,20100,NSG,Northside Garage,1,NSG,Garage Visitor,3,-96.343410000000006,30.619240000000001,250.000000000000000,652,0514,MASS,No,ACADEMIC,0514,MASS,Munnerlyn Astronomy & Space Sciences Engineering,1960,02,101 Asbury St,College Station,77843,Munnerlyn Astronomy & Space Sciences Engineering | MASS | 0514,136.310770291640807,997.652190332989903
3,-1,20100,NSG,Northside Garage,1,NSG,Garage Visitor,3,-96.343410000000006,30.619240000000001,250.000000000000000,656,0490,HALB,No,ACADEMIC,0490,HALB,Halbouty Geosciences Building,1933,06,611 Ross St,College Station,77843,Halbouty Geosciences Building | HALB | 0490,114.951788507766437,761.011536991697199
3,-1,20100,NSG,Northside Garage,1,NSG,Garage Visitor,3,-96.343410000000006,30.619240000000001,250.000000000000000,659,0496,UCO,No,OTHER,0496,UCO,Utilities & Energy Services Central Office,1940,02,165 Asbury St,College Station,77843,Utilities & Energy Services Central Office | UCO | 0496,247.993884619570963,2056.827932537109973
3,-1,20100,NSG,Northside Garage,1,NSG,Garage Visitor,3,-96.343410000000006,30.619240000000001,250.000000000000000,660,0498,CUP,No,OTHER,0498,CUP,Central Utility Plant,1915,03,222 Ireland St,College Station,77843,Central Utility Plant | CUP | 0498,414.374615810726368,4956.013462519374116
3,-1,20100,NSG,Northside Garage,1,NSG,Garage Visitor,3,-96.343410000000006,30.619240000000001,250.000000000000000,664,0499,EIC,No,ACADEMIC,0499,EIC,Engineering Innovation Center,1955,01,233 Ireland St,College Station,77843,Engineering Innovation Center | EIC | 0499,256.424266569890108,2966.598431937475198
3,-1,20100,NSG,Northside Garage,1,NSG,Garage Visitor,3,-96.343410000000006,30.619240000000001,250.000000000000000,668,0436,RDMC,No,ACADEMIC,0436,RDMC,Reed-McDonald Building,1967,05,575 Ross St,College Station,77843,Reed-McDonald Building | RDMC | 0436,115.241047041018803,553.153265585381519
3,-1,20100,NSG,Northside Garage,1,NSG,Garage Visitor,3,-96.343410000000006,30.619240000000001,250.000000000000000,669,0424,HOTA,No,ACADEMIC,0424,HOTA,Hotard Hall,1941,05,110 Asbury St,College Station,77843,Hotard Hall | HOTA | 0424,106.831011799489204,485.438972281355007
3,-1,20100,NSG,Northside Garage,1,NSG,Garage Visitor,3,-96.343410000000006,30.619240000000001,250.000000000000000,670,9351,,No,UNIVERSITY,9351,,Water Tower,1979,01,191 Asbury St,College Station,77843,Water Tower |  | 9351,98.222584216824572,706.330367672778948
3,-1,20100,NSG,Northside Garage,1,NSG,Garage Visitor,3,-96.343410000000006,30.619240000000001,250.000000000000000,672, ,,No,UNIVERSITY,,,,,,,,, |  | ,70.477317248401590,269.279031795572507
3,-1,20100,NSG,Northside Garage,1,NSG,Garage Visitor,3,-96.343410000000006,30.619240000000001,250.000000000000000,674,0652,NEEL,No,HOUSING TAMU,0652,NEEL,Neeley Residence Hall,1980,04,140 Asbury St,College Station,77843,Neeley Residence Hall | NEEL | 0652,252.101889444337957,1575.384235422593065
3,-1,20100,NSG,Northside Garage,1,NSG,Garage Visitor,3,-96.343410000000006,30.619240000000001,250.000000000000000,676,0653,HOBB,No,HOUSING TAMU,0653,HOBB,Hobby Residence Hall,1980,04,160 Asbury St,College Station,77843,Hobby Residence Hall | HOBB | 0653,235.339212858736232,1405.738576576279911
3,-1,20100,NSG,Northside Garage,1,NSG,Garage Visitor,3,-96.343410000000006,30.619240000000001,250.000000000000000,684, ,,No,UNIVERSITY,,,,,,,,, |  | ,87.748051020825685,158.163303503172870
3,-1,20100,NSG,Northside Garage,1,NSG,Garage Visitor,3,-96.343410000000006,30.619240000000001,250.000000000000000,685, ,,No,UNIVERSITY,,,,,,,,, |  | ,123.885871913282244,837.320071590155408
3,-1,20100,NSG,Northside Garage,1,NSG,Garage Visitor,3,-96.343410000000006,30.619240000000001,250.000000000000000,911, ,,No,UNIVERSITY,,,,,,,,, |  | ,54.655464359361801,186.697020909821333
3,-1,20100,NSG,Northside Garage,1,NSG,Garage Visitor,3,-96.343410000000006,30.619240000000001,250.000000000000000,914, ,,No,UNIVERSITY,,,,,,,,, |  | ,96.047299619358654,481.305187288037359
3,-1,20100,NSG,Northside Garage,1,NSG,Garage Visitor,3,-96.343410000000006,30.619240000000001,250.000000000000000,915, ,,No,UNIVERSITY,,,,,,,,, |  | ,142.374517303386085,659.786393423274490
3,-1,20100,NSG,Northside Garage,1,NSG,Garage Visitor,3,-96.343410000000006,30.619240000000001,250.000000000000000,916, ,,No,UNIVERSITY,,,,,,,,, |  | ,74.799532442074550,281.174988548808926
3,-1,20100,NSG,Northside Garage,1,NSG,Garage Visitor,3,-96.343410000000006,30.619240000000001,250.000000000000000,917, ,,No,UNIVERSITY,,,,,,,,, |  | ,66.909621569814448,253.916719544589171
3,-1,20100,NSG,Northside Garage,1,NSG,Garage Visitor,3,-96.343410000000006,30.619240000000001,250.000000000000000,949,0386,CHEN,No,ACADEMIC,0386,CHEN,Jack E. Brown Chemical Engineering Building,2004,07,100 Spence St,College Station,77843,Jack E. Brown Chemical Engineering Building | CHEN | 0386,203.509361256688635,2685.596243340840374
3,-1,20100,NSG,Northside Garage,1,NSG,Garage Visitor,3,-96.343410000000006,30.619240000000001,250.000000000000000,950,0297,MPHY,No,ACADEMIC,0297,MPHY,Mitchell Physics Building,2009,07,578 University Dr,College Station,77843,Mitchell Physics Building | MPHY | 0297,241.808484372851638,2737.417736598563351
3,-1,20100,NSG,Northside Garage,1,NSG,Garage Visitor,3,-96.343410000000006,30.619240000000001,250.000000000000000,951,0296,MIST,No,ACADEMIC,0296,MIST,Mitchell Inst for Fundamental Phys & Astronomy,2009,07,576 University Dr,College Station,77843,Mitchell Inst for Fundamental Phys & Astronomy | MIST | 0296,109.236769688296022,774.085714141113272
3,-1,20100,NSG,Northside Garage,1,NSG,Garage Visitor,3,-96.343410000000006,30.619240000000001,250.000000000000000,1162,8577,,No,OTHER,8577,,Flammable Materials Storage at CUP,2008,01,222 Ireland St,College Station,77843,Flammable Materials Storage at CUP |  | 8577,34.316956700569605,66.643651391108719
3,-1,20100,NSG,Northside Garage,1,NSG,Garage Visitor,3,-96.343410000000006,30.619240000000001,250.000000000000000,1164,0289,,No,OTHER,0289,,Central Utility Plant Electrical Building,2015,01,222 Ireland St,College Station,77843,Central Utility Plant Electrical Building |  | 0289,29.165390409906085,49.194792238223563
4,-1,20500,WCG,West Campus Garage,1,WCG,Garage Visitor,4,-96.344260000000006,30.608490000000000,250.000000000000000,410, ,,No,UNIVERSITY,,,,,,,,, |  | ,45.076063763057981,117.715432034513881
4,-1,20500,WCG,West Campus Garage,1,WCG,Garage Visitor,4,-96.344260000000006,30.608490000000000,250.000000000000000,416,1559,WCG,No,GARAGE,1559,WCG,West Campus Parking Garage,2003,08,201 John Kimbrough Bl,College Station,77843,West Campus Parking Garage | WCG | 1559,582.335027743913543,15733.852612351947755
4,-1,20500,WCG,West Campus Garage,1,WCG,Garage Visitor,4,-96.344260000000006,30.608490000000000,250.000000000000000,491, ,,No,UNIVERSITY,,,,,,,,, |  | ,45.889243796184203,121.061208610038022
4,-1,20500,WCG,West Campus Garage,1,WCG,Garage Visitor,4,-96.344260000000006,30.608490000000000,250.000000000000000,495, ,,No,UNIVERSITY,,,,,,,,, |  | ,45.889243791011140,121.061576430786175
4,-1,20500,WCG,West Campus Garage,1,WCG,Garage Visitor,4,-96.344260000000006,30.608490000000000,250.000000000000000,497, ,,No,UNIVERSITY,,,,,,,,, |  | ,45.890538871409568,121.066754764628541
4,-1,20500,WCG,West Campus Garage,1,WCG,Garage Visitor,4,-96.344260000000006,30.608490000000000,250.000000000000000,498,1498,SUP1,No,OTHER,1498,SUP1,Satellite Utility Plant No. 1,1976,01,350 John Kimbrough Bl,College Station,77843,Satellite Utility Plant No. 1 | SUP1 | 1498,84.942193863116358,242.659072533233797
4,-1,20500,WCG,West Campus Garage,1,WCG,Garage Visitor,4,-96.344260000000006,30.608490000000000,250.000000000000000,503,1560,SREC,No,SPORTS,1560,SREC,Student Recreation Center,1995,04,797 Olsen Bl,College Station,77843,Student Recreation Center | SREC | 1560,751.468208584630815,18604.414468675946409
5,-1,20300,UCG,University Center Garage,1,UCG,Garage Visitor,5,-96.338650000000001,30.612050000000000,250.000000000000000,104,0377,SUP3,No,OTHER,0377,SUP3,Satellite Utility Plant No. 3,1989,01,477 Joe Routt Bl,College Station,77843,Satellite Utility Plant No. 3 | SUP3 | 0377,173.290318678413229,1788.588648780149242
5,-1,20300,UCG,University Center Garage,1,UCG,Garage Visitor,5,-96.338650000000001,30.612050000000000,250.000000000000000,107,0401,KIES,No,HOUSING TAMU,0401,KIES,Kiest Hall - Dorm 2,1938,05,606 Military Mall,College Station,77843,Kiest Hall - Dorm 2 | KIES | 0401,167.997718435802255,863.707906023150827
5,-1,20300,UCG,University Center Garage,1,UCG,Garage Visitor,5,-96.338650000000001,30.612050000000000,250.000000000000000,109,0407,HARL,No,HOUSING TAMU,0407,HARL,Harrell Hall - Dorm 8,1938,05,696 Military Mall,College Station,77843,Harrell Hall - Dorm 8 | HARL | 0407,160.335264079945148,816.313903875071787
5,-1,20300,UCG,University Center Garage,1,UCG,Garage Visitor,5,-96.338650000000001,30.612050000000000,250.000000000000000,151,0403,FOUN,No,HOUSING TAMU,0403,FOUN,Fountain Hall - Dorm 4,1938,05,636 Military Mall,College Station,77843,Fountain Hall - Dorm 4 | FOUN | 0403,163.792214601225766,847.455643571631413
5,-1,20300,UCG,University Center Garage,1,UCG,Garage Visitor,5,-96.338650000000001,30.612050000000000,250.000000000000000,312,0630,PRVP,No,OTHER,0630,PRVP,Vice President's Residence,1939,02,750 Throckmorton St,College Station,77843,Vice President's Residence | PRVP | 0630,126.192574346603436,431.148270497937347
5,-1,20300,UCG,University Center Garage,1,UCG,Garage Visitor,5,-96.338650000000001,30.612050000000000,250.000000000000000,379,0405,LACY,No,HOUSING TAMU,0405,LACY,Lacy Hall - Dorm 6,1938,04,664 Military Mall,College Station,77843,Lacy Hall - Dorm 6 | LACY | 0405,164.809871638599788,825.431727660374577
5,-1,20300,UCG,University Center Garage,1,UCG,Garage Visitor,5,-96.338650000000001,30.612050000000000,250.000000000000000,393,0634,PRES,No,OTHER,0634,PRES,One Circle Drive,1965,02,800 Throckmorton St,College Station,77843,One Circle Drive | PRES | 0634,34.058624505247352,53.657962672823381
5,-1,20300,UCG,University Center Garage,1,UCG,Garage Visitor,5,-96.338650000000001,30.612050000000000,250.000000000000000,423,0632,,No,UNIVERSITY,0632,,Compressor House,1970,01,790 THROCKMORTON ST,College Station,77843,Compressor House |  | 0632,15.656387518592014,15.192535370097879
5,-1,20300,UCG,University Center Garage,1,UCG,Garage Visitor,5,-96.338650000000001,30.612050000000000,250.000000000000000,424,0635,,No,UNIVERSITY,0635,,Grounds Maintenance Storage,1973,01,788 Throckmorton St,College Station,77843,Grounds Maintenance Storage |  | 0635,15.975114650691468,15.314702083044285
5,-1,20300,UCG,University Center Garage,1,UCG,Garage Visitor,5,-96.338650000000001,30.612050000000000,250.000000000000000,836,0456,MILS,No,ACADEMIC,0456,MILS,Military Sciences Building,1923,04,520 Coke St,College Station,77843,Military Sciences Building | MILS | 0456,94.867868817198087,266.711781091623664
5,-1,20300,UCG,University Center Garage,1,UCG,Garage Visitor,5,-96.338650000000001,30.612050000000000,250.000000000000000,838,0384,SCCT,No,ACADEMIC,0384,SCCT,Sam Houston Sanders Corps of Cadets Center,1992,01,475 Short St,College Station,77843,Sam Houston Sanders Corps of Cadets Center | SCCT | 0384,210.005164512090801,2037.098578006158277
5,-1,20300,UCG,University Center Garage,1,UCG,Garage Visitor,5,-96.338650000000001,30.612050000000000,250.000000000000000,841,0450,DCAN,No,DINING,0450,DCAN,Duncan Dining Hall,1940,03,777 Military Mall,College Station,77843,Duncan Dining Hall | DCAN | 0450,12.600804370776149,6.733056862552935
5,-1,20300,UCG,University Center Garage,1,UCG,Garage Visitor,5,-96.338650000000001,30.612050000000000,250.000000000000000,843,0383,JJKB,No,ACADEMIC,0383,JJKB,Koldus Building,1992,03,400 Joe Routt Bl,College Station,77843,Koldus Building | JJKB | 0383,468.684999251356885,5125.049384110729989
5,-1,20300,UCG,University Center Garage,1,UCG,Garage Visitor,5,-96.338650000000001,30.612050000000000,250.000000000000000,844,0379,UCPG,No,GARAGE,0379,UCPG,University Center Parking Garage,1992,07,660 Throckmorton St,College Station,77843,University Center Parking Garage | UCPG | 0379,407.993224832277463,9714.881778517787097
5,-1,20300,UCG,University Center Garage,1,UCG,Garage Visitor,5,-96.338650000000001,30.612050000000000,250.000000000000000,847,0363,,No,UNIVERSITY,0363,,Shed-VP Student Services,1976,01,750 Throckmorton St,College Station,77843,Shed-VP Student Services |  | 0363,12.718651021996498,10.086357494441717
5,-1,20300,UCG,University Center Garage,1,UCG,Garage Visitor,5,-96.338650000000001,30.612050000000000,250.000000000000000,926, ,,No,UNIVERSITY,,,,,,,,, |  | ,12.424834447646591,6.819409996140896
5,-1,20300,UCG,University Center Garage,1,UCG,Garage Visitor,5,-96.338650000000001,30.612050000000000,250.000000000000000,1008,0446,RDER,No,ACADEMIC,0446,RDER,Rudder Tower,1973,14,401 Joe Routt Bl,College Station,77843,Rudder Tower | RDER | 0446,474.405596656195314,7694.394167294829458
5,-1,20300,UCG,University Center Garage,1,UCG,Garage Visitor,5,-96.338650000000001,30.612050000000000,250.000000000000000,1023,0454,MSC,No,ACADEMIC,0454,MSC,Memorial Student Center,1951,04,275 Joe Routt Bl,College Station,77843,Memorial Student Center | MSC | 0454,427.690838262401712,5525.528486927419181
5,-1,20300,UCG,University Center Garage,1,UCG,Garage Visitor,5,-96.338650000000001,30.612050000000000,250.000000000000000,1045,1402,BUZB,No,HOUSING TAMU,1402,BUZB,Buzbee Leadership Learning Center,2012,05,682 Military Mall,College Station,77843,Buzbee Leadership Learning Center | BUZB | 1402,83.433900640729519,334.058466832390820
5,-1,20300,UCG,University Center Garage,1,UCG,Garage Visitor,5,-96.338650000000001,30.612050000000000,250.000000000000000,1135,,,No,UNIVERSITY,,,,,,,,, |  | ,44.195065864206597,110.531835877826552
5,-1,20300,UCG,University Center Garage,1,UCG,Garage Visitor,5,-96.338650000000001,30.612050000000000,250.000000000000000,1165,0367,KYLE,No,SPORTS,0367,KYLE,Kyle Field,1927,09,161 Wellborn Rd,College Station,77843,Kyle Field | KYLE | 0367,750.440192440337455,13903.219874761398387
5,-1,20300,UCG,University Center Garage,1,UCG,Garage Visitor,5,-96.338650000000001,30.612050000000000,250.000000000000000,1308,1404,PLNK,No,HOUSING TAMU,1404,PLNK,Plank Leadership Learning Center,2016,04,622 Military Mall,College Station,77843,Plank Leadership Learning Center | PLNK | 1404,180.466278695580854,758.558265607562589
5,-1,20300,UCG,University Center Garage,1,UCG,Garage Visitor,5,-96.338650000000001,30.612050000000000,250.000000000000000,1310,0409,WHIT,No,HOUSING TAMU,0409,WHIT,White Hall - Dorm 10,1938,05,736 Military Mall,College Station,77843,White Hall - Dorm 10 | WHIT | 0409,192.753049440256490,970.859272576567037
5,-1,20300,UCG,University Center Garage,1,UCG,Garage Visitor,5,-96.338650000000001,30.612050000000000,250.000000000000000,1311,0411,UTAY,No,HOUSING TAMU,0411,UTAY,Utay Hall - Dorm 12,1938,05,766 Military Mall,College Station,77843,Utay Hall - Dorm 12 | UTAY | 0411,191.385428875757526,957.626785003060377
6,-1,20600,CAG,Cain Garage,1,CAIN,Garage Visitor,6,-96.343549999999993,30.611490000000000,250.000000000000000,421,0350,,No,UNIVERSITY,0350,,Albritton Bell Tower,1984,06,200 Old Main Dr,College Station,77843,Albritton Bell Tower |  | 0350,31.685135712771441,62.739031182366304
6,-1,20600,CAG,Cain Garage,1,CAIN,Garage Visitor,6,-96.343549999999993,30.611490000000000,250.000000000000000,1023,0454,MSC,No,ACADEMIC,0454,MSC,Memorial Student Center,1951,04,275 Joe Routt Bl,College Station,77843,Memorial Student Center | MSC | 0454,719.872354137679054,10108.119145541206308
6,-1,20600,CAG,Cain Garage,1,CAIN,Garage Visitor,6,-96.343549999999993,30.611490000000000,250.000000000000000,1165,0367,KYLE,No,SPORTS,0367,KYLE,Kyle Field,1927,09,161 Wellborn Rd,College Station,77843,Kyle Field | KYLE | 0367,418.554300263028551,4565.371302672440834
6,-1,20600,CAG,Cain Garage,1,CAIN,Garage Visitor,6,-96.343549999999993,30.611490000000000,250.000000000000000,1322,9794,,No,MECH,9794,,Wellborn Road Grade Separation,,,,,,Wellborn Road Grade Separation |  | 9794,1.947621824325342,0.234338115597124
6,-1,20600,CAG,Cain Garage,1,CAIN,Garage Visitor,6,-96.343549999999993,30.611490000000000,250.000000000000000,1324,1544,CAIN,No,GARAGE,1544,,Cain Parking Garage,2016,05,500 Gene Stallings Bl,College Station,77843,Cain Parking Garage | CAIN | 1544,419.211610458144719,9406.682179629589882
6,-1,20600,CAG,Cain Garage,1,CAIN,Garage Visitor,6,-96.343549999999993,30.611490000000000,250.000000000000000,1325,,,No,GARAGE,,,,,,,,, |  | ,321.674657475644835,271.851108503819489
6,-1,20600,CAG,Cain Garage,1,CAIN,Garage Visitor,6,-96.343549999999993,30.611490000000000,250.000000000000000,1326,,,No,GARAGE,,,,,,,,, |  | ,67.408578310126330,19.600664516978682
6,-1,20600,CAG,Cain Garage,1,CAIN,Garage Visitor,6,-96.343549999999993,30.611490000000000,250.000000000000000,1327,,,No,GARAGE,,,,,,,,, |  | ,109.925724426507998,32.610225147404577
6,-1,20600,CAG,Cain Garage,1,CAIN,Garage Visitor,6,-96.343549999999993,30.611490000000000,250.000000000000000,1328,,,No,GARAGE,,,,,,,,, |  | ,74.729822593592075,21.524743080044150
6,-1,20600,CAG,Cain Garage,1,CAIN,Garage Visitor,6,-96.343549999999993,30.611490000000000,250.000000000000000,1329,,,No,GARAGE,,,,,,,,, |  | ,74.730798552282678,21.524196850805019
6,-1,20600,CAG,Cain Garage,1,CAIN,Garage Visitor,6,-96.343549999999993,30.611490000000000,250.000000000000000,1362,1545,,No,SERVICE PVT,1545,,Cain Site Hotel,,,177 Joe Routt BL,College Station,77843,Cain Site Hotel |  | 1545,415.994449953085621,6661.844463789888323
2,-1,20400,CCG,Central Campus Garage,1,CCG,Garage Visitor,2,-96.337770000000006,30.616499999999998,250.000000000000000,105,0468,LIBR,No,LIBRARY,0468,LIBR,Evans Library,1929,07,400 Spence St,College Station,77843,Evans Library | LIBR | 0468,129.357584173857731,913.119972651675994
2,-1,20400,CCG,Central Campus Garage,1,CCG,Garage Visitor,2,-96.337770000000006,30.616499999999998,250.000000000000000,1074,0468a,SCC,No,LIBRARY,,,,,,,,, | SCC | ,129.357584173857731,913.119972651675994
4,-1,20500,WCG,West Campus Garage,1,WCG,Garage Visitor,4,-96.344260000000006,30.608490000000000,250.000000000000000,416,1559,WCG,No,GARAGE,1559,WCG,West Campus Parking Garage,2003,08,201 John Kimbrough Bl,College Station,77843,West Campus Parking Garage | WCG | 1559,5.833874053149894,1.462729042623274
6,-1,20600,CAG,Cain Garage,1,CAIN,Garage Visitor,6,-96.343549999999993,30.611490000000000,250.000000000000000,416,1559,WCG,No,GARAGE,1559,WCG,West Campus Parking Garage,2003,08,201 John Kimbrough Bl,College Station,77843,West Campus Parking Garage | WCG | 1559,5.833874053149894,1.462729042623274
4,-1,20500,WCG,West Campus Garage,1,WCG,Garage Visitor,4,-96.344260000000006,30.608490000000000,250.000000000000000,1320,9791,,No,MECH,9791,,Billy Pickard Pedestrian Passageway,,,101 John Kimbrough Bl,College Station,77843,Billy Pickard Pedestrian Passageway |  | 9791,2.062295694445867,0.265174896342951
6,-1,20600,CAG,Cain Garage,1,CAIN,Garage Visitor,6,-96.343549999999993,30.611490000000000,250.000000000000000,1320,9791,,No,MECH,9791,,Billy Pickard Pedestrian Passageway,,,101 John Kimbrough Bl,College Station,77843,Billy Pickard Pedestrian Passageway |  | 9791,2.062295694445867,0.265174896342951
4,-1,20500,WCG,West Campus Garage,1,WCG,Garage Visitor,4,-96.344260000000006,30.608490000000000,250.000000000000000,1362,1545,,No,SERVICE PVT,1545,,Cain Site Hotel,,,177 Joe Routt BL,College Station,77843,Cain Site Hotel |  | 1545,85.641467417891789,268.462412898481887
6,-1,20600,CAG,Cain Garage,1,CAIN,Garage Visitor,6,-96.343549999999993,30.611490000000000,250.000000000000000,1362,1545,,No,SERVICE PVT,1545,,Cain Site Hotel,,,177 Joe Routt BL,College Station,77843,Cain Site Hotel |  | 1545,85.641467417891789,268.462412898481887
5,-1,20300,UCG,University Center Garage,1,UCG,Garage Visitor,5,-96.338650000000001,30.612050000000000,250.000000000000000,1023,0454,MSC,No,ACADEMIC,0454,MSC,Memorial Student Center,1951,04,275 Joe Routt Bl,College Station,77843,Memorial Student Center | MSC | 0454,178.206588480503342,990.106336387697866
6,-1,20600,CAG,Cain Garage,1,CAIN,Garage Visitor,6,-96.343549999999993,30.611490000000000,250.000000000000000,1023,0454,MSC,No,ACADEMIC,0454,MSC,Memorial Student Center,1951,04,275 Joe Routt Bl,College Station,77843,Memorial Student Center | MSC | 0454,178.206588480503342,990.106336387697866
